,song_no,song_id,title,genre
0,0,SOHEQBH13F621EE840,The Air That I Breathe,rock
1,1,SOHOGMQ150CE82C47A,(I Can't Get No) Satisfaction,disco
2,2,SOCUXTU150D32A133B,"Oh, Pretty Woman",country
3,3,SOKMJYC13678934206,Hey Jude,blues
4,4,SOITPFO141E94F2CBB,I Want To Hold Your Hand,blues
5,5,SOGQKIH148F10E3B88,A Whiter Shade Of Pale,country
6,6,SOYAJWR14600FAC994,Are You Lonesome Tonight?,country
7,7,SOPITAT13C6B0B965C,It's Now or Never,country
8,8,SOQSZVW150FD1E1F30,Help!,country
9,9,SOAHOPD141E287EDF6,She Loves You,rock
10,10,SOCFFOL144B8AECA0F,Let's Twist Again,blues
11,11,SOFVVMO14FCCE5EA47,Speedy Gonzales,country
12,12,SOXXRZW130516DE8FD,Unchained Melody,blues
13,13,SOCKBTE12B20E5E4E3,Yesterday,country
14,14,SOJPBUH135CB4BD5EF,Strangers in the Night,country
15,15,SOGKTSR12B20E5E52A,All You Need Is Love,country
16,16,SOCVUXO14627465E68,Marina,country
17,17,SOSOASX13767145742,I'm A Believer,country
18,18,SOCDYBC14DD1571B93,Stand by Me,metal
19,19,SOHRZTG144BA367E23,"The Theme from ""A Summer Place""",country
20,20,SOPWJGK148B9D6D822,The Twist,classical
21,21,SOFSDBF1315CD41B52,I Can't Stop Loving You,classical
22,22,SODGIOB13927071848,I Feel Fine,classical
23,23,SOQQFRR1376B4F9DA0,Downtown,classical
24,24,SOQDCBM1513233E788,"Hello, Goodbye",classical
25,25,SORNSYB150D3182FC7,Get Back,classical
26,26,SOFLYVW144B4D86F08,The House of the Rising Sun,classical
27,27,SOTYUXO1463298FFBD,Sugar Sugar,classical
28,28,SOEBVPK150D49D36EA,A Hard Day's Night,classical
29,29,SORZKTS13F645E8B98,Telstar,reggae
30,30,SOCNTRG1376CF618DA,(You're The) Devil in Disguise,jazz
31,31,SOWNXCZ12C0DD054D7,(The Lights Went Out In) MASSACHUSETTS,reggae
32,32,SOHBJQR12A8C137BFB,These Boots Are Made For Walkin',jazz
33,33,SOAEDPH144C0C60B53,If I Had A Hammer,classical
34,34,SONOLED13167713AFB,Good Vibrations,reggae
35,35,SOAGTPE13F4F49A8F8,Return To Sender,reggae
36,36,SOODMHM14FAFCBE431,Ticket To Ride,classical
37,37,SORYIBB1340BBB8F0E,In The Year 2525 (Exordius & Terminus),jazz
38,38,SOEZRHC136797F9DD5,Penny Lane,reggae
39,39,SOASPYA133A920D632,Yellow Submarine,jazz
40,40,SOQNMDU1392707296B,Paperback Writer,country
41,41,SODNOEA13152A7329D,Those Were The Days,country
42,42,SOWVZOK14F9B21BA8B,Good Luck Charm,country
43,43,SOZKEEK12B0B80887C,HONKY TONK WOMEN,country
44,44,SOJJGDP1376A7BAE6D,Surrender,blues
45,45,SOAFETD145448AD1A7,Cathy's Clown,country
46,46,SOBHOQP136F1A291C3,Non Ho L'eta' ( Per Amarti ),country
47,47,SOMZWXS145FB7FA7CA,Wooly Bully,country
48,48,SOHCWUW1338A5D5BC4,Paint It Black,country
49,49,SOADRVY145B01B96C5,San Francisco (Be Sure to Wear Flowers in Your Hair),country
50,50,SOWWYBB14F129AF293,Let's Dance,country
51,51,SOAYAZD131343A0E6A,Suspicious Minds,country
52,52,SORFPJS144ADED93F8,Mr. Tambourine Man,blues
53,53,SOWZZJJ1508A79458B,Save The Last Dance For Me,country
54,54,SORSHOH144CB851BCF,The Sounds Of Silence,country
55,55,SODZGUD13E245369BB,In The Ghetto,country
56,56,SOHJTJM14FEDE387E8,Hey Paula,country
57,57,SOUQKTV150C84E7EEB,Hello Mary Lou,country
58,58,SOSAPSG144AFFA095C,Runaway,country
59,59,SOXQWJR1474483CAA9,Can't Buy Me Love,rock
60,60,SONTWXX1367980F152,Come Together,rock
61,61,SOZPXOC150DB29FD53,Wooden Heart,disco
62,62,SOHWDWK12A8AE49E37,The Ballad Of John & Yoko,rock
63,63,SOVDJAS14E74361354,Wonderful World,country
64,64,SOMEXNK146071FDCE5,Jumpin' Jack Flash,disco
65,65,SOUYARN1312FDFD0A6,Oh Happy Day,disco
66,66,SOWRXFV150DC15F5C8,The Letter,rock
67,67,SOGXCPO12AB018DEA9,Monday Monday,disco
68,68,SOYIBUL13927071A15,Daydream Believer,blues
69,69,SOKEXKQ148A55253CB,Puppet On A String,disco
70,70,SORPJMF136DACA3A85,Il silenzio,disco
71,71,SOETFKU1460862BC0F,You've Lost That Lovin' Feelin',rock
72,72,SOLTDZB145FD3FDF16,Crimson & Clover,metal
73,73,SODKMMV14194FB73C2,Can't Help Falling In Love,metal
74,74,SORYRTE133EB4D9304,Delilah,rock
75,75,SOHOVYV13129A9132C,Eloise,metal
76,76,SORFWMU1506BBA36E8,Only the Lonely,metal
77,77,SOASIVB1311AFE047E,Light My Fire,reggae
78,78,SOWMENA15183DFFA96,Lady Madonna,rock
79,79,SOJGPTN1377340C1A0,Get Off Of My Cloud,rock
80,80,SOWHIQP151421F15DB,Be My Baby,pop
81,81,SOUQJGE1377A8ABA1D,(Sittin' On) The Dock Of The Bay,reggae
82,82,SOSDCAX13EB188C2FA,The Loco-Motion,metal
83,83,SOVMPTT133EB4D1ED5,The Last Time,disco
84,84,SOPIUVB144EE131DB7,Hello Dolly,disco
85,85,SORIWYG1444FF405AE,Roses are Red,disco
86,86,SOHXNPS14F9B2886E6,Stuck on You,disco
87,87,SOPODMY130516E1B1A,Blue Moon,hiphop
88,88,SOAWTXN136F3525AC0,Aquarius / Let the Sunshine In ,disco
89,89,SOCQJUX1371B9FD713,Somethin' Stupid (with Frank Sinatra),disco
90,90,SOOELTO1366DB68925,Judy In Disguise,disco
91,91,SOANGWC147442B408F,Proud Mary,metal
92,92,SOBPDHD13678943EFF,Strawberry Fields Forever,disco
93,93,SOWKIZJ1376DF6A95B,She's Not You,metal
94,94,SOSYSZY13C8DEA0F35,Where Did Our Love Go,disco
95,95,SOSTDAI1315CD490F3,Louie Louie,metal
96,96,SOXPJWG141E1F30E86,Michelle,reggae
97,97,SOIENGC13CF6705788,From A Jack To A King,metal
98,98,SOFTWVJ144B9CDCB22,Green Green Grass of Home,metal
99,99,SOURRET14FED614A74,Like a Rolling Stone,rock
100,100,SOQBJYG13167714D7F,Sloop John B,country
101,101,SOZBKXS1375C9C28D4,Rock Around The Clock,reggae
102,102,SOGALHM13271F5CD0D,Jailhouse Rock,rock
103,103,SOKVTRZ14F9CD6E12D,You Belong to Me,hiphop
104,104,SOKNRLV1373BE23251,"Que Sera, Sera",reggae
105,105,SOHVSCN144B502F2A1,Mack The Knife,jazz
106,106,SOAQPXK15142DE0272,Tom Dooley,pop
107,107,SOBNJIA1461B70383E,The Third Man Theme,reggae
108,108,SOFQAOA1366A98A1B2,Here In My Heart,jazz
109,109,SOHWHQK14C03022A22,Vaya Con Dios,pop
110,110,SOHWNTM14F91D845B8,Blueberry Hill,rock
111,111,SOODCEP14CE49F7DF7,Mister Sandman,reggae
112,112,SOIJAWF14F91ED7AFA,Mona Lisa,pop
113,113,SOHSSLH1511B801334,Too Young,pop
114,114,SOCYPHI144C3337109,Auf Wiederseh'n Sweetheart,country
115,115,SOCCURT1512843193D,Sixteen Tons,jazz
116,116,SOKUOSA13B1AE7D5B2,Sh-Boom,jazz
117,117,SOHPWAT144B62336B1,Great Balls of Fire,jazz
118,118,SOHXTJL14F9A09A1C2,Only You,jazz
119,119,SOWWGAV14F91D974A4,Unforgettable,jazz
120,120,SOJJBGO136EC0BC970,Don't Let The Stars Get In Your Eyes,metal
121,121,SOCWXXZ14EF2D5149C,Tennessee Waltz,rock
122,122,SOCWPIN14F91EF3B25,Heartbreak Hotel,metal
123,123,SOHFJPU14F9A88C8BD,Secret Love,blues
124,124,SONVYVB12A8C12FA30,Volare,metal
125,125,SOSWYGV131343934CF,"Goodnight Irene, Goodnight",metal
126,126,SOKGZMF14F9CCD282C,Little Things Mean a Lot,metal
127,127,SOGOMGR1315CD4F783,Hound Dog,metal
128,128,SOEAXIO13D60DA3F46,Cherry Pink,blues
129,129,SOYITOT14F91E7473A,That'll Be the Day,blues
130,130,SOCXPBX13E906D92BB,Diana,metal
131,131,SOMHGDQ1375C744858,All Shook Up,blues
132,132,SOTVSZF148F11BC2AF,Don't Be Cruel,rock
133,133,SOADJHF144C31DA21D,Cry,metal
134,134,SOFUKFP150E2DD4851,Smoke Gets in Your Eyes,metal
135,135,SOFJWDI12AB018907F,The Banana Boat Song,metal
136,136,SOIVAPX144B05AC926,Stranger In Paradise,metal
137,137,SOIIBDW144C02B8EA7,A Fool Such As I,metal
138,138,SOCZCHI14F91E395C6,Love Letters in the Sand,metal
139,139,SODMHGP1373B6E4463,I'm Walking Behind You,metal
140,140,SOIDWHV14F9AF8FF2A,How High the Moon,pop
141,141,SOJSNBV1504DE7516B,Hold My Hand,rock
142,142,SOFNZZH150DB415B32,The Great Pretender,pop
143,143,SOFFLUR12AC9074C59,The Thing,pop
144,144,SOEYVWP131343852A0,Memories Are Made of This,pop
145,145,SOZUTOG1376EC3DF02,Music Music Music,reggae
146,146,SOBFOQF150E2C127AD,Love Is A Many Splendoured Thing,pop
147,147,SOPFAEU135CBE21BA8,Bewitched,pop
148,148,SOGQDOM13D0C886565,The Song from Moulin Rouge,pop
149,149,SOEQAMS14F9AF3B36D,Hey There,pop
150,150,SOQVGRA14EFF309AD7,Little Darlin¨«¨«,pop
151,151,SOABTEZ144CB8C69B0,I Saw Mommy Kissing Santa Claus,pop
152,152,SOXOUZO13167711F90,(How Much is That) Doggy in the Window,pop
153,153,SOEEHPC1513A594692,The Battle of New Orleans,pop
154,154,SOBMZKK14F944AC6A5,That's Amore,pop
155,155,SOVIMMA1312A8ABE07,Venus,pop
156,156,SOSXJPY14F9B271076,When,pop
157,157,SOFNLGF1376966BA8D,Mockin' Bird Hill,pop
158,158,SOSFWNW14F9AEFDA0E,Tequila,pop
159,159,SOQQUQF14F9B20CA7A,Lonely Boy,pop
160,160,SOSAUAW13E89DE32B1,Patricia,pop
161,161,SOJJSCD13C898470CC,Delicado,hiphop
162,162,SOKSTNX14A455DB488,Johnny B. Goode,hiphop
163,163,SOQRWUO1375C8ABA0E,Whole Lotta Shakin' Goin' On,jazz
164,164,SOTINTJ15127C1D622,Bird Dog,country
165,165,SOBRAOS131677145D9,Singing The Blues,country
166,166,SOIDWCC1375D164AB4,All I Have To Do Is Dream,rock
167,167,SOQNGHO13EAB80E17E,I Need You Now,pop
168,168,SOFUVMG14F9AF502EA,Wanted,pop
169,169,SOHDPFP14F9CCD0E4D,I Believe,rock
170,170,SOHBFHU14F9A442CB6,Dream Lover,reggae
171,171,SOUYJWA14520DB0F0E,Wheel Of Fortune,reggae
172,172,SOTXTKF14F9B26E9E9,Living Doll,reggae
173,173,SOVEXNS1373B84294A,Three Coins in a Fountain,country
174,174,SOARSKC1375FC6C600,Half As Much,country
175,175,SOXSKAA142B367398F,Mambo Italiano,hiphop
176,176,SOJVYJU14CF84F0A96,Oh My Papa (O Mein Papa),rock
177,177,SOGINWX14F9CD6D2D2,Unchained Melody,rock
178,178,SOSYQCW14626D70223,It's Only Make Believe,reggae
179,179,SOPXVWR133EB86A3B7,My Foolish Heart,metal
180,180,SOTGUPU14F9CD72316,This Ole House,rock
181,181,SOBVYLB1312A8A8389,Terry's Theme From 'Limelight',disco
182,182,SOQILOF1463AFDC49B,Personality,metal
183,183,SOBESJN150B18AEF40,Oh Carol,rock
184,184,SOKIFNW12AB0187BF2,Teddy Bear,country
185,185,SOVHVQX149F22DED90,Petite Fleur,rock
186,186,SOBZPBM144BF659BBB,Because of You,jazz
187,187,SOSXVAF144C30E833A,Just Walkin' In The Rain,rock
188,188,SOQKKZV1373B611D3B,Be My Love,metal
189,189,SOXSOXY14F91ED4276,My Prayer,country
190,190,SOAZISU13D629D2E9F,Pretend,jazz
191,191,SOZCTKT136EC6C444F,Love Me Tender,disco
192,192,SOREUIG146CBC9461D,Tammy,rock
193,193,SOAMCHA13AA51087C6,Rags To Riches,rock
194,194,SOSPDXI1438653BDB8,Bye Bye Love,metal
195,195,SOSTWMS14F9CD6B797,It's All in the Game,country
196,196,SOATHRS13939EFAFA1,The Three Bells,rock
197,197,SODFHZR144B6AEC37A,Blue Suede Shoes,rock
198,198,SOSADIS13767B70953,Dear Hearts and Gentle People,country
199,199,SOARURP144C15DEE6A,Long Tall Sally,blues
